{
    "Player": {
        "Test": 88,
        "Test2": 11.458000183105469,
        "Test3": [
            1.0,
            -10.0,
            -2.9230000972747803
        ]
    }
}
