{
    "Player": {
        "Acceleration": 0.009999999776482582,
        "Attenuation": 0.029999999329447746,
        "GravityAcceleration": 0.05000000074505806,
        "JumpAcceleration": 0.800000011920929,
        "LimitFallSpead": 0.9900000095367432,
        "LimitRunSpeed": 0.10000000149011612
    }
}
